{"version":"0.4","title":"OneClickTemplate","type":"page","content":[{"id":"48b8bf19","settings":{"content_width":{"unit":"px","size":1200},"gap":"no","content_position":"top","background_background":"classic","background_color":"#ffffff","z_index":2,"_element_id":"Navbar","animation":"fadeIn"},"elements":[{"id":"7ec9c1ad","settings":{"_column_size":100},"elements":[{"id":"6da9a449","settings":{"structure":"20","animation":"fadeIn","animation_duration":"slow"},"elements":[{"id":"150401ec","settings":{"_column_size":50,"_inline_size":32.324,"content_position":"center"},"elements":[{"id":"3999e5f0","settings":{"image":{"url":"https:\/\/dessign.net\/oneclick-template\/wp-content\/uploads\/2018\/04\/logo.png","id":148},"image_size":"medium","align":"left","width":{"unit":"%","size":67},"hover_animation":"grow"},"elements":[],"isInner":false,"widgetType":"image","elType":"widget"}],"isInner":true,"elType":"column"},{"id":"2e10a0e5","settings":{"_column_size":50,"_inline_size":67.676,"content_position":"top","space_between_widgets":20,"margin_mobile":{"unit":"px","top":"-31","right":"0","bottom":"0","left":"0","isLinked":false}},"elements":[{"id":"4c4e9666","settings":{"el_nav_menu":"main","align":"right","item_align":"right","nav_bar_bg":"#ffffff","menu_link_color":"#54595f","menu_link_bg":"#ffffff","menu_link_hover_color":"#fb2056","menu_typography_typography":"custom","menu_typography_font_family":"Varela Round","menu_typography_font_size":{"unit":"px","size":18},"menu_typography_font_weight":"500","menu_typography_line_height":{"unit":"em","size":0.1},"menu_typography_letter_spacing":{"unit":"px","size":0.4},"_margin":{"unit":"px","top":"0","right":"0","bottom":"0","left":"0","isLinked":true},"_padding":{"unit":"px","top":"0","right":"0","bottom":"0","left":"0","isLinked":true},"align_mobile":"center","item_align_mobile":"center","menu_typography_font_size_mobile":{"unit":"px","size":1},"menu_typography_letter_spacing_mobile":{"unit":"px","size":-0.1},"align_tablet":"right","item_align_tablet":"center","submenu_align_tablet":"center","submenu_align_mobile":"center","_margin_mobile":{"unit":"px","top":"0","right":"0","bottom":"0","left":"0","isLinked":false},"hide_tablet":"hidden-tablet","hide_mobile":"hidden-phone"},"elements":[],"isInner":false,"widgetType":"default-navmenu","elType":"widget"}],"isInner":true,"elType":"column"}],"isInner":true,"elType":"section"}],"isInner":false,"elType":"column"}],"isInner":false,"elType":"section"},{"id":"682ef9dd","settings":{"layout":"full_width","gap":"no","height":"min-height","custom_height":{"unit":"px","size":980},"content_position":"middle","background_background":"classic","background_image":{"url":"https:\/\/dessign.net\/oneclick-template\/wp-content\/uploads\/2018\/04\/pedro-henrique-santos-375149-unsplash.jpg","id":175},"background_size":"cover","margin":{"unit":"px","top":"0","right":0,"bottom":"0","left":0,"isLinked":false},"padding":{"unit":"px","top":"0","right":"0","bottom":"0","left":"0","isLinked":false},"background_overlay_background":"classic","background_overlay_color":"#090c30","background_attachment":"fixed"},"elements":[{"id":"20de3c81","settings":{"_column_size":100},"elements":[{"id":"bf22f01","settings":{"title":"One Click Drag & Drop","align":"center","title_color":"#ffffff","typography_typography":"custom","typography_font_family":"Varela Round","typography_font_size":{"unit":"px","size":75},"typography_font_weight":"900","typography_letter_spacing":{"unit":"px","size":0.7},"_animation":"fadeInDown","_padding":{"unit":"px","top":"10","right":"10","bottom":"10","left":"10","isLinked":true},"typography_font_size_tablet":{"unit":"px","size":50},"typography_font_size_mobile":{"unit":"px","size":42}},"elements":[],"isInner":false,"widgetType":"heading","elType":"widget"},{"id":"2078d5d0","settings":{"title":"Create Beautiful Website || <b><i>WordPress<\/i><\/b> + <b><i>Elementor<\/i><\/b>","align":"center","title_color":"rgba(255,255,255,0.72)","typography_typography":"custom","typography_font_family":"Varela Round","typography_font_size":{"unit":"px","size":31},"typography_font_weight":"200","typography_line_height":{"unit":"px","size":""},"typography_letter_spacing":{"unit":"px","size":-0.7},"_animation":"fadeInUp","_padding":{"unit":"px","top":"10","right":"10","bottom":"10","left":"10","isLinked":true}},"elements":[],"isInner":false,"widgetType":"heading","elType":"widget"},{"id":"15c34716","settings":{"content_width":{"unit":"px","size":800},"gap":"no","structure":"20","padding":{"unit":"px","top":"10","right":"10","bottom":"10","left":"10","isLinked":true}},"elements":[{"id":"32c86843","settings":{"_column_size":50,"_inline_size":null},"elements":[{"id":"5e7e6912","settings":{"text":"Learn More","align":"right","size":"md","typography_typography":"custom","typography_font_family":"Varela Round","typography_font_size":{"unit":"px","size":16},"typography_font_weight":"300","background_color":"#fb2056","_margin":{"unit":"px","top":"0","right":"20","bottom":"0","left":"0","isLinked":false},"link":{"url":"#about","is_external":"","nofollow":""},"_animation":"fadeIn","hover_animation":"grow","align_mobile":"center","_padding_mobile":{"unit":"px","top":"5","right":"5","bottom":"5","left":"5","isLinked":true}},"elements":[],"isInner":false,"widgetType":"button","elType":"widget"}],"isInner":true,"elType":"column"},{"id":"51f1caf1","settings":{"_column_size":50,"_inline_size":null},"elements":[{"id":"6e819776","settings":{"text":"Contact Us","align":"left","size":"md","typography_typography":"custom","typography_font_family":"Varela Round","typography_font_size":{"unit":"px","size":15},"typography_font_weight":"300","background_color":"rgba(251,32,86,0)","border_border":"solid","border_width":{"unit":"px","top":"1","right":"1","bottom":"1","left":"1","isLinked":true},"border_radius":{"unit":"px","top":"3","right":"3","bottom":"3","left":"3","isLinked":true},"_margin":{"unit":"px","top":"0","right":"0","bottom":"0","left":"20","isLinked":false},"link":{"url":"#contact","is_external":"","nofollow":""},"_animation":"fadeIn","hover_animation":"grow","align_mobile":"center","_margin_mobile":{"unit":"px","top":"0","right":"20","bottom":"0","left":"0","isLinked":false},"_padding_mobile":{"unit":"px","top":"5","right":"5","bottom":"5","left":"5","isLinked":true}},"elements":[],"isInner":false,"widgetType":"button","elType":"widget"}],"isInner":true,"elType":"column"}],"isInner":true,"elType":"section"}],"isInner":false,"elType":"column"}],"isInner":false,"elType":"section"},{"id":"6b4696ce","settings":[],"elements":[{"id":"444e8a4f","settings":{"_column_size":100},"elements":[{"id":"9ecd179","settings":{"anchor":"about"},"elements":[],"isInner":false,"widgetType":"menu-anchor","elType":"widget"},{"id":"5b631c2e","settings":{"space":{"unit":"px","size":100},"space_tablet":{"unit":"px","size":34}},"elements":[],"isInner":false,"widgetType":"spacer","elType":"widget"}],"isInner":false,"elType":"column"}],"isInner":false,"elType":"section"},{"id":"73141756","settings":{"content_width":{"unit":"px","size":1200},"gap":"no"},"elements":[{"id":"7149abcc","settings":{"_column_size":100},"elements":[{"id":"7978440b","settings":{"structure":"30"},"elements":[{"id":"3cd76cdb","settings":{"_column_size":33,"_inline_size":33.07},"elements":[{"id":"3217693","settings":{"title":"About","align":"left","title_color":"#54595f","typography_typography":"custom","typography_font_family":"Varela Round","typography_font_size":{"unit":"px","size":40},"typography_font_weight":"700","_margin":{"unit":"px","top":"0","right":"0","bottom":"-30","left":"0","isLinked":false}},"elements":[],"isInner":false,"widgetType":"heading","elType":"widget"},{"id":"10ab99dd","settings":{"weight":{"unit":"px","size":2},"color":"#fb2056","width":{"unit":"%","size":27},"align":"left","gap":{"unit":"px","size":25}},"elements":[],"isInner":false,"widgetType":"divider","elType":"widget"},{"id":"63b3d92","settings":{"title":"<b>good<\/b> design","align":"left","title_color":"#000000","typography_typography":"custom","typography_font_family":"Varela Round","typography_font_size":{"unit":"px","size":50},"typography_font_weight":"400","typography_letter_spacing":{"unit":"px","size":0},"_animation":"fadeInDown","typography_font_size_tablet":{"unit":"px","size":30}},"elements":[],"isInner":false,"widgetType":"heading","elType":"widget"},{"id":"6d70a8e9","settings":{"title":"<b>good<\/b> business","align":"left","title_color":"#000000","typography_typography":"custom","typography_font_family":"Varela Round","typography_font_size":{"unit":"px","size":45},"typography_font_weight":"300","_margin":{"unit":"px","top":"-10","right":"0","bottom":"0","left":"0","isLinked":false},"_animation":"fadeInUp","typography_font_size_tablet":{"unit":"px","size":30}},"elements":[],"isInner":false,"widgetType":"heading","elType":"widget"},{"id":"5e72b7e7","settings":{"title":"Remember good design always means good business...","align":"left","title_color":"#fb2056","typography_typography":"custom","typography_font_family":"Varela Round","typography_font_size":{"unit":"px","size":27},"typography_font_weight":"800","typography_line_height":{"unit":"em","size":1.1},"_animation":"fadeInLeft","_margin":{"unit":"px","top":"30","right":"0","bottom":"0","left":"0","isLinked":false},"_padding":{"unit":"px","top":"0","right":"0","bottom":"0","left":"0","isLinked":true},"_background_background":"classic","_border_radius":{"unit":"px","top":"10","right":"10","bottom":"10","left":"10","isLinked":true},"typography_font_size_tablet":{"unit":"px","size":20}},"elements":[],"isInner":false,"widgetType":"heading","elType":"widget"},{"id":"7e4bfafb","settings":{"title":"We help our clients to develop clear strategies and roadmaps to get their products to market as quickly as possible, without skimping on the details. Not just minimum viable.","title_color":"rgba(35,35,35,0.49)","typography_typography":"custom","typography_font_family":"Varela Round","typography_font_size":{"unit":"px","size":16},"typography_font_weight":"300","typography_line_height":{"unit":"em","size":1.1},"_animation":"fadeInUp","_margin":{"unit":"px","top":"020","right":"0","bottom":"0","left":"0","isLinked":false}},"elements":[],"isInner":false,"widgetType":"heading","elType":"widget"}],"isInner":true,"elType":"column"},{"id":"6474421f","settings":{"_column_size":33,"_inline_size":32.065,"content_position":"top"},"elements":[{"id":"44d336fc","settings":{"image":{"url":"https:\/\/dessign.net\/oneclick-template\/wp-content\/uploads\/2018\/04\/omar-prestwich-247130-unsplash.jpg","id":460},"hover_animation":"grow","image_box_shadow_box_shadow_type":"yes","_margin_tablet":{"unit":"px","top":"0","right":"0","bottom":"0","left":"0","isLinked":false},"_animation":"fadeInUp"},"elements":[],"isInner":false,"widgetType":"image","elType":"widget"},{"id":"40e665dd","settings":{"image":{"url":"https:\/\/dessign.net\/oneclick-template\/wp-content\/uploads\/2018\/04\/StockSnap_F7AEBU9901.jpg","id":200},"align":"right","width":{"unit":"%","size":80},"image_box_shadow_box_shadow_type":"yes","image_box_shadow_box_shadow":{"horizontal":0,"vertical":0,"blur":20,"spread":0,"color":"rgba(0,0,0,0.5)"},"_margin":{"unit":"px","top":"0","right":"-50","bottom":"020","left":"0","isLinked":false},"hover_animation":"grow","_animation":"fadeInLeft"},"elements":[],"isInner":false,"widgetType":"image","elType":"widget"}],"isInner":true,"elType":"column"},{"id":"7a804bce","settings":{"_column_size":33,"_inline_size":null},"elements":[{"id":"28cb9cfa","settings":{"image":{"url":"https:\/\/dessign.net\/oneclick-template\/wp-content\/uploads\/2018\/04\/StockSnap_TUH3TB1WYX.jpg","id":199},"align":"left","width":{"unit":"%","size":100},"space":{"unit":"%","size":100},"image_box_shadow_box_shadow_type":"yes","image_box_shadow_box_shadow":{"horizontal":0,"vertical":0,"blur":20,"spread":0,"color":"rgba(0,0,0,0.5)"},"_z_index":1,"hover_animation":"grow","_animation":"fadeInRight"},"elements":[],"isInner":false,"widgetType":"image","elType":"widget"}],"isInner":true,"elType":"column"}],"isInner":true,"elType":"section"},{"id":"751a3360","settings":{"anchor":"services","_padding":{"unit":"px","top":"10","right":"10","bottom":"10","left":"10","isLinked":true}},"elements":[],"isInner":false,"widgetType":"menu-anchor","elType":"widget"},{"id":"2890ecb3","settings":{"space":{"unit":"px","size":73},"space_tablet":{"unit":"px","size":34}},"elements":[],"isInner":false,"widgetType":"spacer","elType":"widget"},{"id":"6721e854","settings":{"title":"Services","align":"center","title_color":"#54595f","typography_typography":"custom","typography_font_family":"Varela Round","typography_font_size":{"unit":"px","size":40},"typography_font_weight":"700","typography_line_height":{"unit":"em","size":1.8},"_margin":{"unit":"px","top":"0","right":"0","bottom":"-40","left":"0","isLinked":false},"_padding":{"unit":"px","top":"0","right":"0","bottom":"0","left":"0","isLinked":true}},"elements":[],"isInner":false,"widgetType":"heading","elType":"widget"},{"id":"73e3f50d","settings":{"weight":{"unit":"px","size":2},"color":"#fb2056","width":{"unit":"%","size":10},"align":"center","gap":{"unit":"px","size":27}},"elements":[],"isInner":false,"widgetType":"divider","elType":"widget"}],"isInner":false,"elType":"column"}],"isInner":false,"elType":"section"},{"id":"5ee2fdd8","settings":{"layout":"full_width","gap":"no","height":"min-height","custom_height":{"unit":"px","size":320},"background_background":"classic","background_color":"#443f51","margin":{"unit":"px","top":"20","right":0,"bottom":"0","left":0,"isLinked":false}},"elements":[{"id":"2413196","settings":{"_column_size":100},"elements":[{"id":"30d32ef7","settings":{"content_width":{"unit":"px","size":1200},"structure":"30","margin":{"unit":"px","top":"20","right":0,"bottom":"20","left":0,"isLinked":true},"shape_divider_bottom_width":{"unit":"%","size":163},"shape_divider_bottom_height":{"unit":"px","size":60}},"elements":[{"id":"21b9dfcf","settings":{"_column_size":33,"_inline_size":null},"elements":[{"id":"145ccade","settings":{"image":{"url":"https:\/\/dessign.net\/oneclick-template\/wp-content\/uploads\/2018\/04\/icons8-line-chart-50.png","id":213},"title_text":"SEO Marketing","description_text":"Click edit button to change this text.  Lorem ipsum dolor sit amet, consectetur adipiscing elit.","title_bottom_space":{"unit":"px","size":16},"title_color":"#ffffff","title_typography_typography":"custom","title_typography_font_family":"Varela Round","title_typography_font_size":{"unit":"px","size":22},"title_typography_font_weight":"800","description_color":"rgba(255,255,255,0.63)","description_typography_typography":"custom","description_typography_font_family":"Varela Round","description_typography_font_size":{"unit":"px","size":15},"description_typography_font_weight":"300","hover_animation":"grow","_animation":"fadeInDown","_padding":{"unit":"px","top":"5","right":"5","bottom":"5","left":"5","isLinked":true},"_background_hover_background":"classic","_background_hover_color":"#222337","_background_hover_color_b":"#7a7a7a","_background_background":"classic","_background_position":"top center","_background_repeat":"no-repeat","_background_size":"cover","_border_color":"#ffffff","_border_radius":{"unit":"px","top":"0","right":"0","bottom":"0","left":"0","isLinked":true},"_box_shadow_box_shadow":{"horizontal":0,"vertical":5,"blur":9,"spread":2,"color":"rgba(0,0,0,0.5)"},"image_space":{"unit":"px","size":10},"image_size":{"unit":"%","size":20}},"elements":[],"isInner":false,"widgetType":"image-box","elType":"widget"},{"id":"4fc814de","settings":{"image":{"url":"https:\/\/dessign.net\/oneclick-template\/wp-content\/uploads\/2018\/04\/icons8-mind-map-50.png","id":215},"title_text":"Web Development","description_text":"Click edit button to change this text. Lorem ipsum dolor sit amet, consectetur adipiscing elit.","title_color":"#ffffff","title_typography_typography":"custom","title_typography_font_family":"Varela Round","title_typography_font_size":{"unit":"px","size":22},"title_typography_font_weight":"800","description_color":"rgba(255,255,255,0.61)","description_typography_typography":"custom","description_typography_font_family":"Varela Round","description_typography_font_size":{"unit":"px","size":15},"description_typography_font_weight":"300","hover_animation":"grow","_animation":"fadeInDown","_padding":{"unit":"px","top":"5","right":"5","bottom":"5","left":"5","isLinked":true},"_background_background":"gradient","_background_hover_background":"classic","_background_hover_color":"#222337","_background_position":"top center","_background_repeat":"no-repeat","_background_size":"cover","_border_radius":{"unit":"px","top":"5","right":"5","bottom":"5","left":"5","isLinked":true},"_box_shadow_box_shadow":{"horizontal":0,"vertical":10,"blur":10,"spread":0,"color":"rgba(119,119,119,0.42)"},"image_space":{"unit":"px","size":10}},"elements":[],"isInner":false,"widgetType":"image-box","elType":"widget"},{"id":"25dc7f99","settings":{"image":{"url":"https:\/\/dessign.net\/oneclick-template\/wp-content\/uploads\/2018\/04\/icons8-mind-map-50.png","id":215},"title_text":"UI\/UX Design","description_text":"Click edit button to change this text. Lorem ipsum dolor sit amet, consectetur adipiscing elit.","title_color":"#ffffff","title_typography_typography":"custom","title_typography_font_family":"Varela Round","title_typography_font_size":{"unit":"px","size":22},"title_typography_font_weight":"800","description_color":"rgba(255,255,255,0.61)","description_typography_typography":"custom","description_typography_font_family":"Varela Round","description_typography_font_size":{"unit":"px","size":15},"description_typography_font_weight":"300","hover_animation":"grow","_animation":"fadeInDown","_padding":{"unit":"px","top":"5","right":"5","bottom":"5","left":"5","isLinked":true},"_background_background":"gradient","_background_hover_background":"classic","_background_hover_color":"#222337","_background_position":"top center","_background_repeat":"no-repeat","_background_size":"cover","_border_radius":{"unit":"px","top":"5","right":"5","bottom":"5","left":"5","isLinked":true},"_box_shadow_box_shadow":{"horizontal":0,"vertical":10,"blur":10,"spread":0,"color":"rgba(119,119,119,0.42)"},"image_space":{"unit":"px","size":10}},"elements":[],"isInner":false,"widgetType":"image-box","elType":"widget"},{"id":"2de6254","settings":{"anchor":"work"},"elements":[],"isInner":false,"widgetType":"menu-anchor","elType":"widget"}],"isInner":true,"elType":"column"},{"id":"23bc9ed5","settings":{"_column_size":33,"_inline_size":null},"elements":[{"id":"3b9fc6b0","settings":{"image":{"url":"https:\/\/dessign.net\/oneclick-template\/wp-content\/uploads\/2018\/04\/services1-1.jpg","id":400},"align":"center","width":{"unit":"%","size":100},"space":{"unit":"%","size":100},"hover_animation":"shrink","image_box_shadow_box_shadow_type":"yes","image_box_shadow_box_shadow":{"horizontal":5,"vertical":5,"blur":10,"spread":5,"color":"rgba(0,0,0,0.26)"},"_animation":"fadeInUp"},"elements":[],"isInner":false,"widgetType":"image","elType":"widget"}],"isInner":true,"elType":"column"},{"id":"4e3763fb","settings":{"_column_size":33,"_inline_size":null},"elements":[{"id":"9e8d9ac","settings":{"image":{"url":"https:\/\/dessign.net\/oneclick-template\/wp-content\/uploads\/2018\/04\/icons8-stack-50.png","id":229},"title_text":"Server Repairs","description_text":"Click edit button to change this text.  Lorem ipsum dolor sit amet, consectetur adipiscing elit.","title_bottom_space":{"unit":"px","size":16},"title_color":"#ffffff","title_typography_typography":"custom","title_typography_font_family":"Varela Round","title_typography_font_size":{"unit":"px","size":22},"title_typography_font_weight":"800","description_color":"rgba(255,255,255,0.63)","description_typography_typography":"custom","description_typography_font_family":"Varela Round","description_typography_font_size":{"unit":"px","size":15},"description_typography_font_weight":"300","hover_animation":"grow","_animation":"fadeInDown","_padding":{"unit":"px","top":"5","right":"5","bottom":"5","left":"5","isLinked":true},"_background_hover_background":"classic","_background_hover_color":"#222337","_background_hover_color_b":"#7a7a7a","_background_background":"classic","_background_position":"top center","_background_repeat":"no-repeat","_background_size":"cover","_border_color":"#ffffff","_border_radius":{"unit":"px","top":"0","right":"0","bottom":"0","left":"0","isLinked":true},"_box_shadow_box_shadow":{"horizontal":0,"vertical":5,"blur":9,"spread":2,"color":"rgba(0,0,0,0.5)"},"image_space":{"unit":"px","size":10},"image_size":{"unit":"%","size":20}},"elements":[],"isInner":false,"widgetType":"image-box","elType":"widget"},{"id":"458c9829","settings":{"image":{"url":"https:\/\/dessign.net\/oneclick-template\/wp-content\/uploads\/2018\/04\/icons8-automatic-50.png","id":230},"title_text":"Computer Network","description_text":"Click edit button to change this text. Lorem ipsum dolor sit amet, consectetur adipiscing elit.","title_color":"#ffffff","title_typography_typography":"custom","title_typography_font_family":"Varela Round","title_typography_font_size":{"unit":"px","size":22},"title_typography_font_weight":"800","description_color":"rgba(255,255,255,0.61)","description_typography_typography":"custom","description_typography_font_family":"Varela Round","description_typography_font_size":{"unit":"px","size":15},"description_typography_font_weight":"300","hover_animation":"grow","_animation":"fadeInDown","_padding":{"unit":"px","top":"5","right":"5","bottom":"5","left":"5","isLinked":true},"_background_background":"gradient","_background_hover_background":"classic","_background_hover_color":"#222337","_background_position":"top center","_background_repeat":"no-repeat","_background_size":"cover","_border_radius":{"unit":"px","top":"5","right":"5","bottom":"5","left":"5","isLinked":true},"_box_shadow_box_shadow":{"horizontal":0,"vertical":10,"blur":10,"spread":0,"color":"rgba(119,119,119,0.42)"},"image_space":{"unit":"px","size":10}},"elements":[],"isInner":false,"widgetType":"image-box","elType":"widget"},{"id":"7f1fbb03","settings":{"image":{"url":"https:\/\/dessign.net\/oneclick-template\/wp-content\/uploads\/2018\/04\/icons8-upload-to-the-cloud-50.png","id":231},"title_text":"Cloud Hosting","description_text":"Click edit button to change this text. Lorem ipsum dolor sit amet, consectetur adipiscing elit.","title_color":"#ffffff","title_typography_typography":"custom","title_typography_font_family":"Varela Round","title_typography_font_size":{"unit":"px","size":22},"title_typography_font_weight":"800","description_color":"rgba(255,255,255,0.61)","description_typography_typography":"custom","description_typography_font_family":"Varela Round","description_typography_font_size":{"unit":"px","size":15},"description_typography_font_weight":"300","hover_animation":"grow","_animation":"fadeInDown","_padding":{"unit":"px","top":"5","right":"5","bottom":"5","left":"5","isLinked":true},"_background_background":"gradient","_background_hover_background":"classic","_background_hover_color":"#222337","_background_position":"top center","_background_repeat":"no-repeat","_background_size":"cover","_border_radius":{"unit":"px","top":"5","right":"5","bottom":"5","left":"5","isLinked":true},"_box_shadow_box_shadow":{"horizontal":0,"vertical":10,"blur":10,"spread":0,"color":"rgba(119,119,119,0.42)"},"image_space":{"unit":"px","size":10}},"elements":[],"isInner":false,"widgetType":"image-box","elType":"widget"}],"isInner":true,"elType":"column"}],"isInner":true,"elType":"section"}],"isInner":false,"elType":"column"}],"isInner":false,"elType":"section"},{"id":"355a6785","settings":[],"elements":[{"id":"3d55b5c0","settings":{"_column_size":100},"elements":[{"id":"370e6c8a","settings":{"space":{"unit":"px","size":64},"space_tablet":{"unit":"px","size":44}},"elements":[],"isInner":false,"widgetType":"spacer","elType":"widget"},{"id":"6fb1da80","settings":{"title":"Recent Work","align":"center","title_color":"#54595f","typography_typography":"custom","typography_font_family":"Varela Round","typography_font_size":{"unit":"px","size":40},"typography_font_weight":"700","_margin":{"unit":"px","top":"0","right":"0","bottom":"-10","left":"0","isLinked":false}},"elements":[],"isInner":false,"widgetType":"heading","elType":"widget"}],"isInner":false,"elType":"column"}],"isInner":false,"elType":"section"},{"id":"7640cd62","settings":{"content_width":{"unit":"px","size":1024},"gap":"no"},"elements":[{"id":"228ecbc","settings":{"_column_size":100},"elements":[{"id":"2c89475b","settings":{"weight":{"unit":"px","size":2},"color":"#fb2056","width":{"unit":"%","size":14},"align":"center","gap":{"unit":"px","size":19}},"elements":[],"isInner":false,"widgetType":"divider","elType":"widget"}],"isInner":false,"elType":"column"}],"isInner":false,"elType":"section"},{"id":"70c11930","settings":[],"elements":[{"id":"2af489b6","settings":{"_column_size":100},"elements":[{"id":"10fd897a","settings":{"space":{"unit":"px","size":10}},"elements":[],"isInner":false,"widgetType":"spacer","elType":"widget"}],"isInner":false,"elType":"column"}],"isInner":false,"elType":"section"},{"id":"7197b5da","settings":{"content_width":{"unit":"px","size":1200},"height":"min-height","custom_height":{"unit":"px","size":376},"background_background":"classic","background_image":{"url":"https:\/\/dessign.net\/oneclick-template\/wp-content\/uploads\/2018\/04\/bg-final.jpg","id":442},"background_position":"center center","background_attachment":"fixed","background_repeat":"no-repeat","background_size":"cover","background_overlay_background":"classic","background_overlay_color":"#0a001c","margin":{"unit":"px","top":"0","right":0,"bottom":"0","left":0,"isLinked":false},"padding":{"unit":"px","top":"40","right":"20","bottom":"20","left":"20","isLinked":false}},"elements":[{"id":"195205e3","settings":{"_column_size":100},"elements":[{"id":"a75cd86","settings":{"wp_gallery":[{"id":407,"url":"https:\/\/dessign.net\/oneclick-template\/wp-content\/uploads\/2018\/04\/blog3.jpg"},{"id":408,"url":"https:\/\/dessign.net\/oneclick-template\/wp-content\/uploads\/2018\/04\/business-card-1-1.jpg"},{"id":410,"url":"https:\/\/dessign.net\/oneclick-template\/wp-content\/uploads\/2018\/04\/img1-1.jpg"},{"id":411,"url":"https:\/\/dessign.net\/oneclick-template\/wp-content\/uploads\/2018\/04\/jens-kreuter-258716-1.jpg"},{"id":412,"url":"https:\/\/dessign.net\/oneclick-template\/wp-content\/uploads\/2018\/04\/tran-mau-tri-tam-72939.jpg"},{"id":413,"url":"https:\/\/dessign.net\/oneclick-template\/wp-content\/uploads\/2018\/04\/tran-mau-tri-tam-209448.jpg"}],"thumbnail_size":"large","gallery_columns":"3","image_spacing":"custom","_animation":"fadeInUp","text_color":"rgba(255,255,255,0.82)","typography_typography":"custom","typography_font_family":"Varela Round","typography_font_size":{"unit":"px","size":15},"typography_font_weight":"900","_margin":{"unit":"px","top":"0","right":"0","bottom":"40","left":"0","isLinked":false},"_padding":{"unit":"px","top":"0","right":"0","bottom":"0","left":"0","isLinked":true}},"elements":[],"isInner":false,"widgetType":"image-gallery","elType":"widget"},{"id":"200ebd17","settings":{"anchor":"team"},"elements":[],"isInner":false,"widgetType":"menu-anchor","elType":"widget"}],"isInner":false,"elType":"column"}],"isInner":false,"elType":"section"},{"id":"64abcd30","settings":[],"elements":[{"id":"a9bb1af","settings":{"_column_size":100},"elements":[{"id":"13f2b224","settings":{"space":{"unit":"px","size":10}},"elements":[],"isInner":false,"widgetType":"spacer","elType":"widget"}],"isInner":false,"elType":"column"}],"isInner":false,"elType":"section"},{"id":"2b2ddf57","settings":{"margin":{"unit":"px","top":"40","right":0,"bottom":"30","left":0,"isLinked":false}},"elements":[{"id":"a884cca","settings":{"_column_size":100},"elements":[{"id":"284f7d02","settings":{"title":"Our Team","align":"center","title_color":"#54595f","typography_typography":"custom","typography_font_family":"Varela Round","typography_font_size":{"unit":"px","size":40},"typography_font_weight":"700","_margin":{"unit":"px","top":"0","right":"0","bottom":"-10","left":"0","isLinked":false}},"elements":[],"isInner":false,"widgetType":"heading","elType":"widget"},{"id":"5a63c68e","settings":{"weight":{"unit":"px","size":2},"color":"#fb2056","width":{"unit":"%","size":11},"align":"center","gap":{"unit":"px","size":11}},"elements":[],"isInner":false,"widgetType":"divider","elType":"widget"}],"isInner":false,"elType":"column"}],"isInner":false,"elType":"section"},{"id":"ff2953d","settings":{"gap":"no","background_background":"classic","margin":{"unit":"px","top":"0","right":0,"bottom":"0","left":0,"isLinked":false},"content_width":{"unit":"px","size":1024},"structure":"20"},"elements":[{"id":"73964725","settings":{"_column_size":50,"_inline_size":49.316,"space_between_widgets":0,"animation":"fadeInLeft"},"elements":[{"id":"bb4aba3","settings":{"structure":"20"},"elements":[{"id":"4628137a","settings":{"_column_size":50,"_inline_size":null},"elements":[{"id":"7c1da65d","settings":{"image":{"url":"https:\/\/dessign.net\/oneclick-template\/wp-content\/uploads\/2018\/04\/mike.png","id":252},"align":"center","caption":"Mike Moore","hover_animation":"shrink","caption_typography_typography":"custom","caption_typography_font_family":"Varela Round","caption_typography_font_size":{"unit":"px","size":16},"caption_typography_font_weight":"700","caption_space":{"unit":"px","size":0}},"elements":[],"isInner":false,"widgetType":"image","elType":"widget"}],"isInner":true,"elType":"column"},{"id":"606800a","settings":{"_column_size":50,"_inline_size":null},"elements":[{"id":"4eea7e2c","settings":{"image":{"url":"https:\/\/dessign.net\/oneclick-template\/wp-content\/uploads\/2018\/04\/jen.png","id":251},"align":"center","caption":"Jennifer Newman","hover_animation":"shrink","caption_typography_typography":"custom","caption_typography_font_family":"Varela Round","caption_typography_font_size":{"unit":"px","size":16},"caption_typography_font_weight":"800","caption_space":{"unit":"px","size":0}},"elements":[],"isInner":false,"widgetType":"image","elType":"widget"}],"isInner":true,"elType":"column"}],"isInner":true,"elType":"section"},{"id":"3320e1de","settings":{"structure":"20"},"elements":[{"id":"543de405","settings":{"_column_size":50,"_inline_size":null},"elements":[{"id":"4e0a3930","settings":{"image":{"url":"https:\/\/dessign.net\/oneclick-template\/wp-content\/uploads\/2018\/04\/nic.png","id":253},"align":"center","caption":"Samantha Kelly","hover_animation":"shrink","caption_typography_typography":"custom","caption_typography_font_family":"Varela Round","caption_typography_font_size":{"unit":"px","size":16},"caption_typography_font_weight":"800","caption_space":{"unit":"px","size":0}},"elements":[],"isInner":false,"widgetType":"image","elType":"widget"}],"isInner":true,"elType":"column"},{"id":"504b6ac6","settings":{"_column_size":50,"_inline_size":null},"elements":[{"id":"3c87da9b","settings":{"image":{"url":"https:\/\/dessign.net\/oneclick-template\/wp-content\/uploads\/2018\/04\/bill.png","id":250},"align":"center","caption":"Robert Brown","hover_animation":"shrink","caption_typography_typography":"custom","caption_typography_font_family":"Varela Round","caption_typography_font_size":{"unit":"px","size":16},"caption_typography_font_weight":"800","caption_space":{"unit":"px","size":0}},"elements":[],"isInner":false,"widgetType":"image","elType":"widget"}],"isInner":true,"elType":"column"}],"isInner":true,"elType":"section"}],"isInner":false,"elType":"column"},{"id":"1d940e10","settings":{"_column_size":50,"_inline_size":50.684,"space_between_widgets":0,"animation":"fadeInRight"},"elements":[{"id":"3ffd4546","settings":{"title":"Our Team Delivers Top Quality Product and Amazing Customer Support","align":"center","title_color":"#54595f","typography_typography":"custom","typography_font_family":"Varela Round","typography_font_size":{"unit":"px","size":35},"typography_font_weight":"700","typography_line_height":{"unit":"em","size":1.1},"typography_letter_spacing":{"unit":"px","size":0},"_margin":{"unit":"px","top":"20","right":"0","bottom":"20","left":"0","isLinked":false},"_animation":"fadeInDown"},"elements":[],"isInner":false,"widgetType":"heading","elType":"widget"},{"id":"7076979e","settings":{"title":"We help our clients to develop clear strategies and roadmaps to get their products to market as quickly as possible, without skimping on the details.","align":"center","title_color":"#969696","typography_typography":"custom","typography_font_family":"Varela Round","typography_font_size":{"unit":"px","size":17},"typography_font_weight":"300","typography_line_height":{"unit":"em","size":1.3},"typography_letter_spacing":{"unit":"px","size":0},"_padding":{"unit":"px","top":"5","right":"040","bottom":"20","left":"40","isLinked":false}},"elements":[],"isInner":false,"widgetType":"heading","elType":"widget"},{"id":"28f0aeaa","settings":{"title":"","percent":{"unit":"%","size":85},"inner_text":"SEO Marketing","bar_color":"#54595f","bar_bg_color":"#afafaf","_padding":{"unit":"px","top":"10","right":"30","bottom":"10","left":"30","isLinked":false},"_margin":{"unit":"px","top":"0","right":"0","bottom":"0","left":"0","isLinked":true}},"elements":[],"isInner":false,"widgetType":"progress","elType":"widget"},{"id":"6c868ca2","settings":{"title":"","percent":{"unit":"%","size":80},"inner_text":"Sales Promotion","bar_color":"#54595f","bar_bg_color":"#afafaf","_padding":{"unit":"px","top":"10","right":"30","bottom":"10","left":"30","isLinked":false}},"elements":[],"isInner":false,"widgetType":"progress","elType":"widget"},{"id":"729f845a","settings":{"title":"","percent":{"unit":"%","size":90},"inner_text":"Server Hosting","bar_color":"#54595f","bar_bg_color":"#afafaf","_padding":{"unit":"px","top":"10","right":"30","bottom":"10","left":"30","isLinked":false}},"elements":[],"isInner":false,"widgetType":"progress","elType":"widget"},{"id":"1f317c0c","settings":{"title":"","percent":{"unit":"%","size":90},"inner_text":"Computer Repair","bar_color":"#54595f","bar_bg_color":"#afafaf","_padding":{"unit":"px","top":"10","right":"30","bottom":"10","left":"30","isLinked":false}},"elements":[],"isInner":false,"widgetType":"progress","elType":"widget"},{"id":"7d84161c","settings":{"title":"","percent":{"unit":"%","size":80},"inner_text":"Cloud Hosting","bar_color":"#54595f","bar_bg_color":"#afafaf","_padding":{"unit":"px","top":"10","right":"30","bottom":"10","left":"30","isLinked":false}},"elements":[],"isInner":false,"widgetType":"progress","elType":"widget"}],"isInner":false,"elType":"column"}],"isInner":false,"elType":"section"},{"id":"5e3d66ad","settings":[],"elements":[{"id":"33e04cd0","settings":{"_column_size":100},"elements":[{"id":"7f9e3a2","settings":{"anchor":"news"},"elements":[],"isInner":false,"widgetType":"menu-anchor","elType":"widget"},{"id":"3da2cb27","settings":{"anchor":"news","_padding":{"unit":"px","top":"50","right":"50","bottom":"50","left":"50","isLinked":true}},"elements":[],"isInner":false,"widgetType":"menu-anchor","elType":"widget"},{"id":"29449b20","settings":{"space":{"unit":"px","size":19}},"elements":[],"isInner":false,"widgetType":"spacer","elType":"widget"},{"id":"7991997d","settings":{"title":"Recent News","align":"center","title_color":"#54595f","typography_typography":"custom","typography_font_family":"Varela Round","typography_font_size":{"unit":"px","size":40},"typography_font_weight":"700"},"elements":[],"isInner":false,"widgetType":"heading","elType":"widget"},{"id":"51957d4c","settings":{"weight":{"unit":"px","size":2},"color":"#fb2056","width":{"unit":"%","size":15},"align":"center","gap":{"unit":"px","size":10}},"elements":[],"isInner":false,"widgetType":"divider","elType":"widget"}],"isInner":false,"elType":"column"}],"isInner":false,"elType":"section"},{"id":"772a4d30","settings":{"content_width":{"unit":"px","size":1200},"gap":"no","margin":{"unit":"px","top":"020","right":0,"bottom":"0","left":0,"isLinked":false},"layout":"full_width"},"elements":[{"id":"64a61dcb","settings":{"_column_size":100},"elements":[{"id":"73fd57d2","settings":{"content_width":{"unit":"px","size":1200},"structure":"30"},"elements":[{"id":"e44135e","settings":{"_column_size":33,"_inline_size":null},"elements":[{"id":"79e4fa4e","settings":{"image":{"url":"https:\/\/dessign.net\/oneclick-template\/wp-content\/uploads\/2018\/04\/StockSnap_XO53SBWVMF-1.jpg","id":270},"thumbnail_size":"large","title_text":"Company Business Trip to England","description_text":"Click edit button to change this text. Lorem ipsum dolor sit amet, consectetur adipiscing elit. Ut elit tellus, luctus nec ullamcorper mattis, pulvinar dapibus leo.luctus nec ullamcorper mattis, pulvinar dapibus leo.\u200bluctus nec ullamcorper mattis, pulvinar dapibus leo.\u200b","image_size":{"unit":"%","size":100},"hover_animation":"grow","title_color":"#54595f","title_typography_typography":"custom","title_typography_font_family":"Varela Round","title_typography_font_size":{"unit":"px","size":25},"title_typography_font_weight":"800","description_color":"#a5a5a5","description_typography_typography":"custom","description_typography_font_family":"Varela Round","description_typography_font_size":{"unit":"px","size":16},"description_typography_font_weight":"100","_padding":{"unit":"px","top":"20","right":"20","bottom":"20","left":"20","isLinked":true},"_background_background":"classic","_background_color":"#f9fafa","_animation":"fadeInLeft"},"elements":[],"isInner":false,"widgetType":"image-box","elType":"widget"}],"isInner":true,"elType":"column"},{"id":"2512d9a5","settings":{"_column_size":33,"_inline_size":null},"elements":[{"id":"68c5b377","settings":{"image":{"url":"https:\/\/dessign.net\/oneclick-template\/wp-content\/uploads\/2018\/04\/StockSnap_7JBL5TC3S7.jpg","id":274},"thumbnail_size":"large","title_text":"New Partnership With Digital Company","description_text":"Click edit button to change this text. Lorem ipsum dolor sit amet, consectetur adipiscing elit. Ut elit tellus, luctus nec ullamcorper mattis, pulvinar dapibus leo.leo.luctus nec ullamcorper mattis, pulvinar dapibus leo.\u200bluctus nec ullamcorper mattis, pulvinar dapibus leo.\u200b","image_size":{"unit":"%","size":100},"hover_animation":"grow","title_color":"#54595f","title_typography_typography":"custom","title_typography_font_family":"Varela Round","title_typography_font_size":{"unit":"px","size":25},"title_typography_font_weight":"800","description_color":"#a5a5a5","description_typography_typography":"custom","description_typography_font_family":"Varela Round","description_typography_font_size":{"unit":"px","size":16},"description_typography_font_weight":"100","_padding":{"unit":"px","top":"20","right":"20","bottom":"20","left":"20","isLinked":true},"_background_background":"classic","_background_color":"#f9fafa","_animation":"fadeInUp"},"elements":[],"isInner":false,"widgetType":"image-box","elType":"widget"}],"isInner":true,"elType":"column"},{"id":"2eedc6f1","settings":{"_column_size":33,"_inline_size":null},"elements":[{"id":"a61b9bb","settings":{"image":{"url":"https:\/\/dessign.net\/oneclick-template\/wp-content\/uploads\/2018\/04\/StockSnap_78OATZG9PP.jpg","id":276},"thumbnail_size":"large","title_text":"Exploring New Connections &Work","description_text":"Click edit button to change this text. Lorem ipsum dolor sit amet, consectetur adipiscing elit. Ut elit tellus, luctus nec ullamcorper mattis, pulvinar dapibus leo. leo.luctus nec ullamcorper mattis, pulvinar dapibus leo.\u200bluctus nec ullamcorper mattis, pulvinar dapibus leo.\u200b","image_size":{"unit":"%","size":100},"hover_animation":"grow","title_color":"#54595f","title_typography_typography":"custom","title_typography_font_family":"Varela Round","title_typography_font_size":{"unit":"px","size":25},"title_typography_font_weight":"800","description_color":"#a5a5a5","description_typography_typography":"custom","description_typography_font_family":"Varela Round","description_typography_font_size":{"unit":"px","size":16},"description_typography_font_weight":"100","_padding":{"unit":"px","top":"20","right":"20","bottom":"20","left":"20","isLinked":true},"_background_background":"classic","_background_color":"#f9fafa","_animation":"fadeInRight"},"elements":[],"isInner":false,"widgetType":"image-box","elType":"widget"}],"isInner":true,"elType":"column"}],"isInner":true,"elType":"section"},{"id":"106839c5","settings":{"anchor":"contact"},"elements":[],"isInner":false,"widgetType":"menu-anchor","elType":"widget"},{"id":"3aa27295","settings":{"anchor":"contact","_padding":{"unit":"px","top":"20","right":"20","bottom":"20","left":"20","isLinked":true}},"elements":[],"isInner":false,"widgetType":"menu-anchor","elType":"widget"},{"id":"42079102","settings":{"space":{"unit":"px","size":26}},"elements":[],"isInner":false,"widgetType":"spacer","elType":"widget"}],"isInner":false,"elType":"column"}],"isInner":false,"elType":"section"},{"id":"5250410f","settings":{"content_width":{"unit":"px","size":1024},"gap":"no"},"elements":[{"id":"6ac09455","settings":{"_column_size":100},"elements":[{"id":"1252fbc8","settings":{"title":"Contact","align":"center","title_color":"#54595f","typography_typography":"custom","typography_font_family":"Varela Round","typography_font_size":{"unit":"px","size":35},"typography_font_weight":"700"},"elements":[],"isInner":false,"widgetType":"heading","elType":"widget"},{"id":"17c6ffa9","settings":{"weight":{"unit":"px","size":2},"color":"#fb2056","width":{"unit":"%","size":8},"align":"center"},"elements":[],"isInner":false,"widgetType":"divider","elType":"widget"}],"isInner":false,"elType":"column"}],"isInner":false,"elType":"section"},{"id":"33d74203","settings":{"gap":"no","custom_height":{"unit":"px","size":700},"content_position":"middle","structure":"20","padding":{"unit":"px","top":"20","right":"0","bottom":"50","left":"0","isLinked":false},"padding_tablet":{"unit":"px","top":"100","right":"25","bottom":"100","left":"25","isLinked":false},"padding_mobile":{"unit":"px","top":"50","right":"20","bottom":"50","left":"20","isLinked":false},"reverse_order_mobile":"reverse-mobile","content_width":{"unit":"px","size":1024},"background_background":"classic","background_color":"#f9fafa","margin":{"unit":"px","top":"30","right":0,"bottom":"0","left":0,"isLinked":false},"animation":"fadeInUp","background_image":{"url":"https:\/\/dessign.net\/oneclick-template\/wp-content\/uploads\/2018\/04\/annie-spratt-604131-unsplash2.jpg","id":30},"background_position":"center center","background_attachment":"fixed","background_repeat":"no-repeat","background_size":"cover","background_overlay_background":"classic","background_overlay_color":"#0b0519"},"elements":[{"id":"13b142ff","settings":{"_column_size":50,"_inline_size":null,"padding":{"unit":"px","top":"0","right":"30","bottom":"0","left":"0","isLinked":false},"padding_tablet":{"unit":"px","top":"0","right":"15","bottom":"0","left":"0","isLinked":false},"_inline_size_tablet":45,"margin_mobile":{"unit":"px","top":"50","right":"0","bottom":"0","left":"0","isLinked":false},"padding_mobile":{"unit":"px","top":"0","right":"0","bottom":"0","left":"0","isLinked":false}},"elements":[{"id":"83d9747","settings":{"address":"London Eye, London, United Kingdom","zoom":{"unit":"px","size":18},"height":{"unit":"px","size":500}},"elements":[],"isInner":false,"widgetType":"google_maps","elType":"widget"}],"isInner":false,"elType":"column"},{"id":"38a00952","settings":{"_column_size":50,"_inline_size":null,"padding":{"unit":"px","top":"0","right":"0","bottom":"0","left":"30","isLinked":false},"padding_tablet":{"unit":"px","top":"0","right":"0","bottom":"0","left":"15","isLinked":false},"_inline_size_tablet":55},"elements":[{"id":"3ed6cdb1","settings":{"title":"Get in touch","title_color":"#ffffff","typography_typography":"custom","typography_font_size":{"unit":"px","size":65},"typography_font_weight":"900","align":"left","header_size":"h4","typography_font_size_tablet":{"unit":"px","size":45},"typography_font_family":"Varela Round"},"elements":[],"isInner":false,"widgetType":"heading","elType":"widget"},{"id":"6c19ef69","settings":{"structure":"20","margin":{"unit":"px","top":"","right":0,"bottom":"","left":0,"isLinked":true},"padding":{"unit":"px","top":"20","right":"0","bottom":"0","left":"0","isLinked":false}},"elements":[{"id":"3c5ae3cd","settings":{"_column_size":50,"_inline_size":50},"elements":[{"id":"7add1ba1","settings":{"title":"Location","header_size":"div","title_color":"#ffffff","typography_typography":"custom","typography_font_size":{"unit":"px","size":18},"typography_font_weight":"600","typography_text_transform":"uppercase","_margin":{"unit":"px","top":"0","right":"0","bottom":"0","left":"0","isLinked":false},"_padding":{"unit":"px","top":"0","right":"0","bottom":"0","left":"0","isLinked":true}},"elements":[],"isInner":false,"widgetType":"heading","elType":"widget"},{"id":"32e2bf0b","settings":{"editor":"<p>887 Myrtle Dr.\u00a0<br \/>Bronx, NY 16544<\/p>","text_color":"#ffffff","typography_typography":"custom","typography_font_size":{"unit":"px","size":16},"typography_font_weight":"300","typography_line_height":{"unit":"em","size":1.8}},"elements":[],"isInner":false,"widgetType":"text-editor","elType":"widget"}],"isInner":true,"elType":"column"},{"id":"5613f4d9","settings":{"_column_size":50,"_inline_size":50,"margin_tablet":{"unit":"px","top":"0","right":"0","bottom":"0","left":"10","isLinked":false}},"elements":[{"id":"187129b1","settings":{"title":"Contact Us","header_size":"div","title_color":"#ffffff","typography_typography":"custom","typography_font_size":{"unit":"px","size":18},"typography_font_weight":"600","typography_text_transform":"uppercase","_margin":{"unit":"px","top":"0","right":"0","bottom":"0","left":"0","isLinked":false},"_padding":{"unit":"px","top":"0","right":"0","bottom":"0","left":"0","isLinked":true}},"elements":[],"isInner":false,"widgetType":"heading","elType":"widget"},{"id":"42d55448","settings":{"editor":"<p>Phone : + 1 800 755 60 20<\/p>","text_color":"#ffffff","typography_typography":"custom","typography_font_size":{"unit":"px","size":16},"typography_font_weight":"300"},"elements":[],"isInner":false,"widgetType":"text-editor","elType":"widget"},{"id":"4454c770","settings":{"editor":"<p>Email : <u>contacts@company.com<\/u><\/p>","text_color":"#ffffff","typography_typography":"custom","typography_font_size":{"unit":"px","size":16},"typography_font_weight":"300","_margin":{"unit":"px","top":"-18","right":"0","bottom":"0","left":"0","isLinked":false}},"elements":[],"isInner":false,"widgetType":"text-editor","elType":"widget"}],"isInner":true,"elType":"column"}],"isInner":true,"elType":"section"},{"id":"46a14619","settings":{"structure":"20","margin":{"unit":"px","top":"0","right":0,"bottom":"0","left":0,"isLinked":true},"padding":{"unit":"px","top":"30","right":"0","bottom":"0","left":"0","isLinked":false}},"elements":[{"id":"1c23c79a","settings":{"_column_size":50,"_inline_size":null},"elements":[{"id":"3de660ed","settings":{"title":"Our Hours","header_size":"div","title_color":"#ffffff","typography_typography":"custom","typography_font_size":{"unit":"px","size":18},"typography_font_weight":"600","typography_text_transform":"uppercase","_margin":{"unit":"px","top":"-10","right":"0","bottom":"0","left":"0","isLinked":false},"_padding":{"unit":"px","top":"0","right":"0","bottom":"0","left":"0","isLinked":true}},"elements":[],"isInner":false,"widgetType":"heading","elType":"widget"},{"id":"27a97225","settings":{"editor":"<p>MON-FRI 09:00 - 19:00<\/p>","text_color":"#ffffff","typography_typography":"custom","typography_font_size":{"unit":"px","size":15},"typography_font_weight":"300"},"elements":[],"isInner":false,"widgetType":"text-editor","elType":"widget"},{"id":"1ffa3c39","settings":{"editor":"<p>SAT-SUN 10:00 - 14:00<\/p>","text_color":"#ffffff","typography_typography":"custom","typography_font_size":{"unit":"px","size":15},"typography_font_weight":"300","_margin":{"unit":"px","top":"-18","right":"0","bottom":"0","left":"0","isLinked":false},"_padding":{"unit":"px","top":"0","right":"0","bottom":"0","left":"0","isLinked":true}},"elements":[],"isInner":false,"widgetType":"text-editor","elType":"widget"}],"isInner":true,"elType":"column"},{"id":"4e97b12","settings":{"_column_size":50,"_inline_size":null,"margin_tablet":{"unit":"px","top":"0","right":"0","bottom":"0","left":"10","isLinked":false}},"elements":[{"id":"218e6c73","settings":{"title":"Follow Us","header_size":"div","title_color":"#ffffff","typography_typography":"custom","typography_font_size":{"unit":"px","size":18},"typography_font_weight":"600","typography_text_transform":"uppercase","_margin":{"unit":"px","top":"-10","right":"0","bottom":"0","left":"0","isLinked":false},"_padding":{"unit":"px","top":"0","right":"0","bottom":"0","left":"0","isLinked":true}},"elements":[],"isInner":false,"widgetType":"heading","elType":"widget"},{"id":"2e3e4f97","settings":{"social_icon_list":[{"social":"fa fa-facebook","_id":"2d0da0c","link":{"url":"","is_external":"true","nofollow":""}},{"social":"fa fa-twitter","_id":"914746e","link":{"url":"","is_external":"true","nofollow":""}},{"social":"fa fa-google-plus","_id":"8a28a95","link":{"url":"","is_external":"true","nofollow":""}},{"social":"fa fa-youtube","link":{"url":"","is_external":"true","nofollow":""},"_id":"d138417"}],"shape":"square","align":"left","icon_color":"custom","icon_primary_color":"#ffffff","icon_secondary_color":"#000000","icon_size":{"unit":"px","size":18},"hover_primary_color":"rgba(255,255,255,0.25)","hover_secondary_color":"#000000","hover_animation":"grow","icon_size_tablet":{"unit":"px","size":16},"border_radius":{"unit":"px","top":"20","right":"20","bottom":"20","left":"20","isLinked":true}},"elements":[],"isInner":false,"widgetType":"social-icons","elType":"widget"}],"isInner":true,"elType":"column"}],"isInner":true,"elType":"section"}],"isInner":false,"elType":"column"}],"isInner":false,"elType":"section"},{"id":"6e79b498","settings":{"layout":"full_width","content_position":"middle","background_background":"classic","background_color":"#000000","padding":{"unit":"px","top":"10","right":"10","bottom":"10","left":"10","isLinked":true}},"elements":[{"id":"49084318","settings":{"_column_size":100},"elements":[{"id":"3a9e9deb","settings":{"title":"Copyright 2018.Powered by WordPress &amp; <u>Elementor<\/u>","align":"center","title_color":"#939393","typography_typography":"custom","typography_font_family":"Varela Round","typography_font_size":{"unit":"px","size":18},"typography_font_weight":"200","link":{"url":"https:\/\/elementor.com\/?ref=1963","is_external":"","nofollow":""}},"elements":[],"isInner":false,"widgetType":"heading","elType":"widget"}],"isInner":false,"elType":"column"}],"isInner":false,"elType":"section"}]}